state,state_key,area_km2,ev_total,ev_cagr_21_25,ev_cars,ev_buses,n_chargers,n_fast,total_points,median_kw,hw_ev,chargers_per_1000km2,evs_per_charger,evs_per_fast_charger,fast_per_100k_hw_ev,ev_desert,hwy_km,gap_km,n_on_corridor,fast_per_1000_hwy_km,pct_hwy_gap,n_demand,n_hwygap,n_density,gap_score,gap_rank,gap_class
Andaman and Nicobar Islands,andaman and nicobar island,7838.45,546,0.1589910044207834,243,42,0.0,0.0,0.0,,285,0.0,546.0,285.0,0.0,False,330.89787516202153,330.89787516202153,0.0,0.0,100.0,0.29518752103020535,1.0,0.0,46.80750084120821,17,Medium gap
Andhra Pradesh,andhra pradesh,159974.18,278501,0.5767813333230154,20487,265,43.0,14.0,47.0,7.400000047683716,20752,0.2687933765311377,6476.767441860465,1383.4666666666667,67.46337702390132,False,9677.623179104814,5158.025640510477,35.0,1.4466361978453277,53.298475721262776,0.5464953458786797,0.5329847572126277,0.07428558427341189,42.37141994442445,20,Medium gap
Arunachal Pradesh,arunachal pradesh,79339.18,314,1.678871039673926,175,12,0.0,0.0,0.0,,187,0.0,314.0,187.0,0.0,False,4345.691868358149,4345.691868358149,0.0,0.0,100.0,0.23907561991038062,1.0,0.0,44.56302479641522,19,Medium gap
Assam,assam,75549.53,384300,0.5276553309693226,2009,376,2.0,0.0,2.0,13.5,2385,0.026472699433073905,192150.0,2385.0,0.0,False,4578.109229799203,4578.109229799203,0.0,0.0,100.0,0.8911633355965921,1.0,0.008153023622812195,70.85035901443399,3,High gap
Bihar,bihar,90616.35,560438,0.5217890934584999,4628,79,1.0,0.0,5.0,2.3,4707,0.011035536081512882,560438.0,4707.0,0.0,False,6739.936649637906,6739.936649637906,1.0,0.0,100.0,1.0,1.0,0.0034246372187226254,75.08561593046807,1,High gap
Chandigarh,chandigarh,111.86,27419,0.6326780642697574,7097,186,1.0,1.0,2.0,50.0,7283,8.939746111210441,27419.0,3641.5,13.730605519703419,True,0.0,0.0,1.0,,72.20191824914033,0.6932015914297861,0.7220191824914033,0.7166066281703262,70.9139007486487,2,High gap
Chhattisgarh,chhattisgarh,130355.28,216525,0.8343579285022706,10070,0,51.0,24.0,68.0,30.0,10070,0.3912384676708147,4245.588235294118,402.8,238.33167825223438,False,3862.4304302279024,1977.4320666377603,42.0,6.213704151710477,51.19657434246866,0.5035621400195477,0.5119657434246866,0.10303295231184179,40.637110428441986,22,Medium gap
Dadra and Nagar Haveli and Daman and Diu,dadra and nagar haveli and daman and diu,579.76,1299,0.8092176081223301,288,25,4.0,4.0,4.0,30.0,313,6.899406651028011,324.75,62.6,1277.9552715654952,False,58.63921105196102,7.472618812338067,4.0,68.21374176496924,12.743382249322002,0.242487580014322,0.12743382249322002,0.644914861099028,30.282558515311276,33,Low gap
Delhi,delhi,1437.68,515897,0.4491863408286798,62714,5396,34.0,17.0,55.0,25.0,68110,23.649212620332758,15173.441176470587,3783.8888888888887,24.959624137424758,False,244.06747264297226,0.0,34.0,69.65287023260166,0.0,0.633044659928468,0.0,1.0,50.32178639713872,15,Medium gap
Goa,goa,3634.01,47180,0.7082520822331742,6526,188,6.0,6.0,10.0,60.0,6714,1.6510686541864221,7863.333333333333,959.1428571428571,89.36550491510278,False,304.41157830286994,0.0,5.0,19.710156996822196,0.0,0.5662163789605991,0.0,0.30422477836416484,30.254274617528086,34,Low gap
Gujarat,gujarat,176802.84,415842,0.6692202292723706,46346,1547,67.0,36.0,101.0,30.0,47893,0.37895318876099504,6206.5970149253735,1294.4054054054054,75.16756102144363,False,8850.324493198945,3869.3175286490705,65.0,4.067647466221639,43.719499003934345,0.5421637904136041,0.4371949900393435,0.10026528060744593,39.49500828310734,25,Low gap
Haryana,haryana,42847.01,191304,0.44132579504145153,15308,178,27.0,26.0,64.0,30.0,15486,0.6301489882257829,7085.333333333333,573.5555555555555,167.893581299238,False,3765.788708559634,1263.906302799407,26.0,6.904264156112111,33.56285762731587,0.5556249427509012,0.33562857627315873,0.15248371428198818,37.784090736646306,26,Low gap
Himachal Pradesh,himachal pradesh,54774.72,8637,0.5608667969540044,2002,413,3.0,2.0,4.0,30.0,2415,0.05476979161189687,2879.0,805.0,82.81573498964804,False,2571.67537150706,1301.9960371075858,3.0,0.7777031355353202,50.628320025656535,0.4640792106821642,0.5062832002565654,0.016638620801336365,36.69904595629976,27,Low gap
Jammu and Kashmir,jammu and kashmir,54110.92,54215,0.7919578691913003,1718,240,1.0,1.0,1.0,25.0,1958,0.01848055808328522,54215.0,979.0,51.07252298263534,False,1868.5654181582347,1289.4643804683594,1.0,0.5351699171365686,69.00825456458087,0.7625136508074789,0.6900825456458086,0.0057139859709347705,54.79628477917583,11,High gap
Jharkhand,jharkhand,76786.96,139850,0.736765587975974,3155,17,6.0,4.0,7.0,25.0,3172,0.07813826722662284,23308.333333333332,634.4,126.10340479192938,False,3742.508546146335,2987.952298331651,6.0,1.0688018345659636,79.8382224513114,0.6766876894812611,0.7983822245131139,0.023476353965976332,55.59779428635883,9,High gap
Karnataka,karnataka,189354.43,912484,0.5729485235503387,77929,2014,376.0,323.0,1407.0,60.0,79943,1.9856942348800608,2426.81914893617,246.73765432098764,404.03787698735346,False,8133.700980769762,205.19416967728233,329.0,39.7113197010387,2.522765099951622,0.44671346829210345,0.025227650999516217,0.3413164881370643,27.284418720093818,36,Low gap
Kerala,kerala,39468.46,433492,0.8705959505826601,67298,194,587.0,544.0,1306.0,30.0,67492,14.872635010334834,738.4872231686542,123.83853211009175,806.0214543945949,False,2245.258984287674,0.0,440.0,242.28830785531326,0.0,0.3258433085578743,0.0,0.8626572767979276,34.60016426226316,30,Low gap
Ladakh,ladakh,168011.41,104,-0.1591035847462855,19,20,0.0,0.0,0.0,,39,0.0,104.0,39.0,0.0,False,822.6305261724293,822.6305261724293,0.0,0.0,100.0,0.12737443008356694,1.0,0.0,40.09497720334267,24,Medium gap
Lakshadweep,lakshadweep,30.37,144,0.5905414575341013,7,0,0.0,0.0,0.0,,7,0.0,144.0,7.0,0.0,False,0.0,0.0,0.0,,72.20191824914033,0.1601923516853083,0.7220191824914033,0.0,31.678365454611445,32,Low gap
Madhya Pradesh,madhya pradesh,296515.84,513003,0.913076970560035,16278,365,13.0,11.0,23.0,60.0,16643,0.04384251445049275,39461.769230769234,1386.9166666666667,66.09385327164573,False,11169.005208204446,8781.682203686265,13.0,0.9848683741251819,78.62546430935032,0.7302198628984882,0.7862546430935032,0.013389093491659645,57.06243436150365,7,High gap
Maharashtra,maharashtra,297637.07,1170473,0.7278992871135723,112093,5075,83.0,75.0,156.0,30.0,117168,0.27886311338839614,14102.084337349397,1541.6842105263158,64.01065137238837,False,20421.39377991133,12933.476948808406,81.0,3.672619058635363,63.33297858215319,0.6256001334036934,0.6333297858215319,0.07675228258217068,49.10935490445562,16,Medium gap
Manipur,manipur,21487.43,4115,0.8008543238383665,323,0,0.0,0.0,0.0,,323,0.0,4115.0,323.0,0.0,False,1998.7609836830945,1998.7609836830945,0.0,0.0,100.0,0.5003864216060127,1.0,0.0,55.015456864240505,10,High gap
Meghalaya,meghalaya,21567.75,2622,2.7077927510673407,257,5,0.0,0.0,0.0,,262,0.0,2622.0,262.0,0.0,False,1368.4267753529575,1368.4267753529575,0.0,0.0,100.0,0.4545755046976297,1.0,0.0,53.183020187905186,14,Medium gap
Mizoram,mizoram,20275.42,2624,4.359366868641309,24,0,0.0,0.0,0.0,,24,0.0,2624.0,24.0,0.0,False,1679.91176941449,1679.91176941449,0.0,0.0,100.0,0.4546530007415044,1.0,0.0,53.18612002966018,13,Medium gap
Nagaland,nagaland,15971.47,116,0.8415116050578215,30,0,0.0,0.0,0.0,,30,0.0,116.0,30.0,0.0,False,2020.9465876120018,2020.9465876120018,0.0,0.0,100.0,0.13837702516139272,1.0,0.0,40.53508100645571,23,Medium gap
Odisha,odisha,150149.31,341640,0.9372156252152437,15892,492,187.0,55.0,228.0,7.4,16384,1.2454269686620605,1826.951871657754,292.57142857142856,335.693359375,False,5985.6384710966395,1958.3215357992915,173.0,9.188660535644305,32.71700329472962,0.4178584393023326,0.32717003294729624,0.2524056361114142,34.47542962803403,31,Low gap
Puducherry,puducherry,506.22,19757,0.8352679271508605,630,50,1.0,0.0,1.0,24.0,680,1.9754257042392636,19757.0,680.0,0.0,False,92.81504159149209,2.7038911373070498,1.0,0.0,2.9132036046567937,0.6598813140128998,0.029132036046567937,0.34024146602906685,35.92091047287255,28,Low gap
Punjab,punjab,49142.74,181928,0.7664306032787744,11861,12,2.0,2.0,4.0,40.0,11873,0.04069777143073423,90964.0,3957.6666666666665,16.8449423060726,True,4838.166542604813,4147.207040950289,2.0,0.4133797343245698,85.7185672388508,0.8151302350461714,0.857185672388508,0.0124476121418253,62.917898238990254,5,High gap
Rajasthan,rajasthan,329892.47,569096,0.4858908084884197,41940,242,47.0,46.0,95.0,30.0,42182,0.1424706662749835,12108.425531914894,897.4893617021277,109.05125408942203,False,11810.818158040533,5324.898091626971,46.0,3.8947344192818902,45.084921470930475,0.6101039372451997,0.4508492147093047,0.041561238159677036,41.22291095862558,21,Medium gap
Sikkim,sikkim,6853.42,29,,18,0,0.0,0.0,0.0,,18,0.0,29.0,18.0,0.0,False,810.4971457830135,810.4971457830135,0.0,0.0,100.0,0.0,1.0,0.0,35.0,29,Low gap
Tamil Nadu,tamil nadu,131451.47,708760,0.5336390317454685,53498,946,212.0,181.0,394.0,30.0,54444,1.612762489457136,3343.2075471698113,299.14285714285717,332.4516934832121,False,7767.455335811311,154.96117324855155,199.0,23.302354783491595,1.9950056556374889,0.47927343906019615,0.019950056556374888,0.29968315712609717,27.361268470033394,35,Low gap
Telangana,telangana,109075.81,357920,0.7166743046054602,59333,1122,17.0,10.0,48.0,60.0,60455,0.1558549049509694,21054.117647058825,5495.909090909091,16.54122901331569,False,5971.868173546172,2952.0511244472896,16.0,1.6745178743726137,49.432623739487596,0.6663463244200243,0.49432623739487597,0.045195561437996724,45.08516032157155,18,Medium gap
Tripura,tripura,10045.84,45221,0.4320804037649,153,0,0.0,0.0,0.0,,153,0.0,45221.0,153.0,0.0,False,949.3892527531577,949.3892527531577,0.0,0.0,100.0,0.7440706166436007,1.0,0.0,64.76282466574403,4,High gap
Uttar Pradesh,uttar pradesh,232445.4,1815492,0.570179745756509,42430,1038,28.0,20.0,67.0,60.0,43468,0.12045839582112616,64839.0,2069.904761904762,46.010858562620776,False,15135.034569917967,11546.006247531684,27.0,1.32143735170262,76.28661959240087,0.780708014355688,0.7628661959240087,0.035490463379137804,58.81589901604628,6,High gap
Uttarakhand,uttarakhand,51964.51,114889,0.39666037133230203,4573,58,14.0,12.0,22.0,30.0,4631,0.26941464472579457,8206.357142857143,356.2307692307692,259.123299503347,False,3634.45566499602,3126.1053986611173,14.0,3.3017323929890727,86.01302882214524,0.5705572012586135,0.8601302882214524,0.07443833681324342,54.78780655842645,12,High gap
West Bengal,west bengal,82277.14,341644,0.9923954674659305,19865,167,9.0,7.0,19.0,30.0,20032,0.10938639821461953,37960.444444444445,2504.0,34.94408945686901,False,5196.292734576411,3917.7751462124484,6.0,1.3471142519399695,75.3955819336998,0.72627623768062,0.7539558193369981,0.0323916784172525,56.249295144451054,8,High gap
