state,highway_km,gap_segments,gap_km,gap_pct,hw_ev,n_fast
Maharashtra,1833.8,37,891.2,48.6,117168,75.0
Madhya Pradesh,895.4,33,795.9,88.9,16643,11.0
Andhra Pradesh,1309.4,18,453.3,34.6,20752,14.0
Punjab,335.8,13,335.8,100.0,11873,2.0
Rajasthan,1306.9,13,327.8,25.1,42182,46.0
Uttar Pradesh,314.7,10,248.9,79.1,43468,20.0
Jammu and Kashmir,360.0,11,186.4,51.8,1958,1.0
West Bengal,186.1,9,186.1,100.0,20032,7.0
Telangana,497.8,7,175.2,35.2,60455,10.0
Haryana,398.6,7,165.2,41.4,15486,26.0
Gujarat,501.0,2,51.8,10.3,47893,36.0
Karnataka,1479.9,1,23.0,1.6,79943,323.0
Goa,115.0,0,0.0,0.0,6714,6.0
Kerala,811.7,0,0.0,0.0,67492,544.0
Delhi,32.8,0,0.0,0.0,68110,17.0
Odisha,428.0,0,0.0,0.0,16384,55.0
Tamil Nadu,1210.9,0,0.0,0.0,54444,181.0
