State,2017,2018,2019,2020,2021,2022,2023,2024,2025,2026,Total
Andaman & Nicobar Island,0,0,0,0,40,0,0,0,2,0,42
Andhra Pradesh,1,2,1,0,0,27,100,10,48,76,265
Arunachal Pradesh,0,0,0,0,0,0,0,0,10,2,12
Assam,0,0,15,0,0,0,158,70,88,45,376
Bihar,0,0,0,0,26,1,0,0,0,52,79
Chandigarh,0,0,0,0,40,40,0,0,15,91,186
Chhattisgarh,0,0,0,0,0,0,0,0,0,0,0
Delhi,0,0,2,0,31,399,1121,1037,1382,1424,5396
Goa,0,0,0,0,35,17,45,55,32,4,188
Gujarat,0,0,49,8,217,183,106,329,116,539,1547
Haryana,0,2,2,2,0,0,0,21,68,83,178
Himachal Pradesh,3,29,50,0,0,0,35,0,1,295,413
Jammu and Kashmir,0,0,39,0,0,1,150,50,0,0,240
Jharkhand,0,0,0,0,0,0,2,0,0,15,17
Karnataka,0,0,0,1,28,364,270,841,446,64,2014
Kerala,0,5,5,0,0,40,70,70,1,3,194
Ladakh,0,0,1,0,0,10,9,0,0,0,20
Lakshadweep,0,0,0,0,0,0,0,0,0,0,0
Madhya Pradesh,0,0,40,0,0,20,15,85,18,187,365
Maharashtra,12,6,183,73,552,336,460,909,1442,1102,5075
Manipur,0,0,0,0,0,0,0,0,0,0,0
Meghalaya,0,0,0,0,0,0,0,0,0,5,5
Mizoram,0,0,0,0,0,0,0,0,0,0,0
Nagaland,0,0,0,0,0,0,0,0,0,0,0
Odisha,0,0,0,0,0,30,21,120,209,112,492
Puducherry,0,0,0,0,0,0,0,0,25,25,50
Punjab,0,0,0,0,0,0,0,11,1,0,12
Rajasthan,0,0,0,0,0,5,6,8,14,209,242
Sikkim,0,0,0,0,0,0,0,0,0,0,0
Tamil Nadu,0,0,0,0,0,0,43,53,427,423,946
Telangana,3,9,34,2,1,0,62,348,481,182,1122
Tripura,0,0,0,0,0,0,0,0,0,0,0
UT of DNH and DD,0,0,0,4,6,15,0,0,0,0,25
Uttar Pradesh,0,1,40,0,190,468,50,17,88,184,1038
Uttarakhand,0,0,1,0,10,24,0,12,10,1,58
West Bengal,0,5,78,0,1,11,15,27,5,25,167
