"Category Group (Four Wheeler), EV Type (ELECTRIC(BOV), PURE EV) Wise State Wise and Calendar Year Data for AN, AP, AR, AS, BR, CH, CG, DL, GA, GJ, HR, HP, JK, JH, KA, KL, LA, LD, MP, MH, MN, ML, MZ, NL, OR, PY, PB, RJ, SK, TN, TG, TR, DD, UP, UK, WB (2017-2026)"\n\nState,2017,2018,2019,2020,2021,2022,2023,2024,2025,2026,Total
Andaman & Nicobar Island,0,20,2,35,22,7,14,16,75,52,243
Andhra Pradesh,0,64,273,62,394,778,1655,4076,4942,8243,20487
Arunachal Pradesh,0,0,0,3,0,1,15,29,44,83,175
Assam,127,0,1,7,8,83,269,402,456,656,2009
Bihar,0,1,11,22,61,135,605,940,1136,1717,4628
Chandigarh,13,4,8,35,107,275,1037,1405,1655,2558,7097
Chhattisgarh,5,8,7,7,70,366,1539,1901,2679,3488,10070
Delhi,133,408,451,883,1942,5631,8329,6579,14846,23512,62714
Goa,11,17,4,25,191,623,967,1236,1592,1860,6526
Gujarat,10,9,26,230,845,2809,6591,6275,11611,17940,46346
Haryana,10,31,23,96,65,806,2710,3877,4428,3262,15308
Himachal Pradesh,13,32,2,3,11,50,167,284,655,785,2002
Jammu and Kashmir,0,0,0,0,5,50,168,277,484,734,1718
Jharkhand,1,20,46,37,47,158,468,593,799,986,3155
Karnataka,464,636,389,692,1470,4281,11958,14155,21175,22709,77929
Kerala,59,93,92,431,1671,3857,9826,11059,19650,20560,67298
Ladakh,0,0,0,0,0,10,0,0,3,6,19
Lakshadweep,0,0,0,6,0,0,0,0,0,1,7
Madhya Pradesh,12,20,22,29,196,536,1743,2592,4979,6149,16278
Maharashtra,181,180,269,920,3732,11622,13712,14973,30587,35917,112093
Manipur,0,0,0,0,0,1,30,77,120,95,323
Meghalaya,0,0,0,0,3,10,20,39,113,72,257
Mizoram,0,0,0,0,0,0,0,2,8,14,24
Nagaland,0,0,0,0,0,0,3,3,8,16,30
Odisha,7,6,1,20,59,436,1329,2504,4544,6986,15892
Puducherry,3,2,0,1,10,44,91,140,157,182,630
Punjab,3,6,4,10,39,45,794,1472,3816,5672,11861
Rajasthan,8,16,17,124,578,1552,4559,6188,11311,17587,41940
Sikkim,0,0,0,0,0,0,0,6,6,6,18
Tamil Nadu,25,53,69,283,946,2475,5987,7793,15181,20686,53498
Telangana,44,108,255,226,967,2744,6742,5713,18077,24457,59333
Tripura,2,0,4,0,5,0,30,39,38,35,153
UT of DNH and DD,0,0,0,2,2,16,42,62,89,75,288
Uttar Pradesh,1,13,31,135,81,217,4928,6875,13891,16258,42430
Uttarakhand,1,1,2,14,120,382,499,596,1110,1848,4573
West Bengal,18,19,12,101,332,947,2585,3391,6027,6433,19865
Total,1151,1767,2021,4439,13979,40947,89412,105569,196292,251640,707217
